Superficie,Nombre de chambres,Proximit√© du centre,Prix
152,1,9.306509195280805,476.27924126758865
142,5,5.629592737665316,535.9105053952759
64,5,8.499316296576001,279.06742627822945
156,3,5.449100784084401,531.4081377183795
121,2,6.424064036026217,411.3896754430757
70,1,1.3466821051021578,270.1021751851204
152,3,7.675068994719675,528.8083623608464
171,2,1.7132780945347308,577.0739280837652
124,2,8.34764248739902,368.6543236096778
137,4,7.929266832868666,485.4792806591123
166,1,7.233074628558276,514.704209510688
149,2,0.8435236149852401,511.12390145704796
153,3,3.379719381480622,504.14927609564586
180,4,2.999569414153007,595.6709084701046
199,1,3.9212958709794314,673.8598446970118
102,5,1.3326060942564661,396.93294819259927
51,3,9.401099318795097,206.26455816597144
137,2,5.761121286767574,479.1282384030367
87,2,3.4024809512512237,316.78322763604854
179,3,4.271324412205693,650.5334730181369
70,2,4.748424134795939,265.0427565158878
107,4,6.205646166925864,405.89121590580845
71,1,5.398954563116729,281.6209175013038
138,4,9.234223745536966,517.5766170210643
98,2,5.221153087605387,338.7175711116364
108,5,9.92550114082147,395.7897276415842
64,1,8.58853709857841,260.31476330871345
100,1,2.48084988639469,371.2395463082645
157,3,9.340654539117205,553.8222096351348
104,3,1.605480779912023,361.4149475689826
113,5,8.26577223066632,453.42845061714775
180,1,4.115921288027511,576.5400065582489
100,5,8.84075604422816,386.1643474743816
184,3,8.746538556020779,611.5424653361231
70,3,8.1562913011174,256.1177606668038
122,1,8.005289144917082,381.7387064417458
67,4,3.3944518214313875,249.33413402447928
181,2,1.2687331889868956,612.8429017431057
138,3,4.328311698269034,454.83699479879283
109,3,2.1484828923718324,380.02672231351863
63,4,7.102035344573387,260.43521174688885
58,4,3.7879474021089625,203.6479351905841
139,5,9.76829690816919,513.0430004245417
102,5,6.589234734780654,344.6237671883025
179,2,8.313565354526428,588.8254214642917
133,2,1.75898439104756,465.7824157497907
141,1,8.689137581589915,476.3829592404564
160,5,9.266193309877247,560.6339973324477
57,3,5.127088228779891,281.103982819105
84,5,6.259402908634286,343.8075318141014
130,3,7.765693108578457,475.54086176771625
99,4,2.160966958973919,368.2088099046464
153,5,5.274377726402703,550.866380670984
181,4,4.287298763836974,655.3768043729045
51,2,1.8905529255413667,214.46499165512444
183,2,3.991577011769549,614.8615412603655
103,1,1.1476369391621888,386.3217951044251
155,5,0.7452131160201263,548.664983364127
53,4,1.7840797469708163,202.20063383967448
103,3,9.649593560097152,374.8122859540531
195,2,5.720530591002661,663.3323222051547
93,2,9.67531053095559,302.6204636402494
63,3,4.608729844136254,273.1869382572742
144,4,3.462253264309966,528.6148212181707
97,4,5.3083476969823185,324.9133794237293
64,5,4.675361042012646,263.9235052678393
89,5,1.503814500486567,356.07579538439364
131,1,6.587849989556959,436.23182001618136
160,2,2.5523627338411963,530.0325892369578
102,5,6.386085571529381,377.2877727852976
73,4,6.676910377782457,329.0758370680769
173,3,1.944236104722157,592.9603451533775
90,4,1.0828214575513475,343.93348388190253
64,2,7.917235067650179,245.34214032644863
94,4,4.868104025808542,373.00560860960576
114,1,1.05255605730202,400.92741541962016
138,2,9.951230013112788,459.98298815721495
120,3,1.048915329465483,424.90183596765996
58,1,7.102834674156255,206.5517137423355
137,2,9.84494979000243,449.35393269028793
178,3,2.7722109900512932,615.2318700361121
185,1,1.8513690025283638,591.4136601469075
112,1,1.6531569245130746,400.5590706203783
188,2,3.381113901892158,655.4976673087523
130,5,1.4599352046011436,493.5942767470617
185,1,7.075532746094253,593.4572239294687
82,1,1.0917720822355956,277.8539181344362
172,3,5.339510217423002,616.8831157233842
54,4,9.968620111603279,208.6624067648152
90,2,8.23271756030718,340.5058055689006
77,2,6.3445846631946035,301.08118788550047
184,5,3.409409397472811,640.4458091457732
121,5,6.427010444770565,444.88640303484533
61,2,5.50689390716069,205.27198670485822
82,5,4.547792146958529,343.50571572233537
97,3,1.741748579031895,379.91502948985226
111,2,8.922740044784433,363.37291758747506
86,5,4.772954163802564,345.33766218581286
148,2,2.348913862297268,510.0594105755844
153,4,3.9937138333342515,552.7040248923229
84,1,4.434232649024807,303.20759622441415
150,2,8.361610007885306,470.75039290499774
180,1,7.46933661533332,574.4625713800837
50,5,7.808396489592728,238.87572272859495
54,1,0.6047970120721485,237.62097281665086
191,2,4.453462982707734,621.7403418466996
152,4,5.072769440535574,579.6074586099293
76,5,0.6823266298190385,288.7458853636226
186,2,2.968225483077825,610.7895455326862
64,5,7.722753319660282,274.89382129082395
139,3,1.802542204425491,489.3799323200917
91,1,5.585446248799621,297.1862609061041
173,3,2.5444177841637563,602.8683993867083
112,2,0.615147359116986,412.19158630804446
145,4,2.7914138471956442,520.3764012252396
101,5,9.77080067164551,390.0952759218793
145,1,8.1146025628884,470.2952666452626
181,5,9.615978121049817,591.4207847557291
192,2,5.134613417300443,621.3979757643542
78,5,1.5424938874362832,334.05610385331624
85,1,5.705615145250083,306.84365800642775
62,2,4.816584678319629,247.1944116950777
120,5,8.521392286026352,453.9313807876479
135,4,1.4317845174503236,480.513510056099
77,2,5.1382908017068925,291.25703953879696
115,2,1.9254623145928504,422.5909309389127
94,4,3.5844213054555696,363.1333610190418
111,3,7.504892235184097,373.12373696150985
183,1,5.022172229003282,579.7258881488827
77,3,4.070938708884809,319.4751690678177
77,5,4.247524646415336,350.3543939660208
157,4,4.8647442998568735,574.7761735567673
93,3,7.957657166452041,347.7278046619366
133,2,8.974804544932226,426.9877388698017
79,5,9.575679521787318,317.72160982096796
124,5,7.975582169425303,487.29393830015783
177,3,3.496365509606121,616.3770365899173
141,3,7.03727970782215,484.77589013067825
178,4,4.657229678526223,627.2580452997719
170,1,2.919370909437486,538.773354048813
76,3,8.488280004546265,277.11001243394344
170,3,0.8650503151420874,566.5860715492694
165,2,9.066738925286524,556.2579585163955
52,5,4.884035913934975,260.5139981665319
152,1,6.553414029678664,499.81665139667535
186,2,6.7638622609549355,597.0136819432988
111,4,9.003618536712096,404.5977810558832
100,4,6.54836198058847,367.1716782253469
108,3,6.332369055220587,375.4118477956839
167,3,1.1331943853265547,585.5134849355319
145,4,5.424876208479438,498.99040313266767
162,3,1.9266055077618958,530.8197943251944
111,1,7.505620802854113,351.10646898702805
101,3,5.366108247720407,340.2025741682402
61,5,6.9621639024793565,274.0259105265654
88,3,0.8958925557226505,345.216323652078
179,2,1.3055241524351306,606.399353585293
180,1,7.305072186595481,597.144488676408
162,2,1.1848011919873969,577.4695747383676
150,2,1.1769389137699566,505.8007915559578
162,5,0.6150305147314308,592.8994885153055
130,1,9.58676328384506,399.23416328419233
162,1,7.506329414860566,558.5615360955459
51,1,3.8558883807696094,180.39159847409763
179,1,3.3170880222327246,576.1642015747258
103,1,3.8221806825855706,349.40144836016697
136,5,7.859208546221228,461.7561629731133
178,3,6.7830208051689365,601.0854699378334
196,2,2.2593578947409454,657.7593615745477
175,1,2.154038685673801,576.9036492090214
179,3,1.4347586722772745,583.3255300148239
102,3,6.7728758371627125,412.12197302270886
117,2,7.761540291106492,416.46153534782
172,5,3.0179410690875383,662.6485587348241
194,4,0.6989771297936718,654.4998609426868
87,4,1.2806308410260598,367.5963828814874
73,3,9.694670331027789,295.1961370858277
118,2,3.3067253860354926,411.5750471659818
165,4,7.807619904462269,597.6057782122599
147,3,6.434303904115506,500.02319203949344
188,5,4.128426576702511,648.5253184581028
193,4,2.4540289908577737,594.6633441795168
146,3,1.653170972514361,522.874219129824
173,3,6.3426231963692326,559.8045553736134
119,1,7.859020916058986,390.2675342539718
142,5,6.617090408640742,492.2414264078179
52,1,5.537870265867004,197.59962868190078
197,2,0.8985366226005445,668.0805313591476
196,1,9.700643387146647,628.8215444866818
139,1,8.087784820718458,475.0172561686792
196,4,3.281809348659165,696.7489720143942
197,3,9.809718128909081,644.0046450086252
145,5,6.21787510154506,512.9929049565876
101,1,6.033015252968841,370.0885225673025
177,5,7.606695204580555,636.5275553656375
88,1,8.211812986856307,322.38819138834833
131,2,6.736546769649276,430.4833303259145
153,1,1.7169095904789002,524.0192821290742
178,4,3.713541306947735,618.7623294670503
60,3,9.316794583097472,262.4169896607983
91,2,2.6338483125165935,326.27486158421186
148,1,4.035586726456376,462.5966207240889
56,5,4.604730387969862,272.59527523166577
193,2,4.674347402097296,588.4839375306634
139,2,6.322926033697993,459.7238798546774
161,1,9.459220458574721,503.6176488564846
109,2,2.7865807624087973,370.8281450570675
162,5,1.6542630748587217,567.7108444311807
51,2,2.3759696536694044,242.5955320876938
178,5,8.925786551988061,632.5595352761513
97,1,6.6352027202244575,332.694980919701
189,3,3.216114497772021,663.240240441637
86,2,8.251495920201865,290.25106505626877
58,3,8.683014965452642,212.66830235415154
148,5,8.541886217557641,544.1881607498165
196,2,9.229802069575767,651.1332604473014
97,4,2.896289691646935,366.00215258503965
180,3,7.672898323089644,581.944985479858
197,2,4.87512522410433,680.4443870525502
103,3,8.498986252455584,337.5999764761325
169,2,7.420661433035326,550.1901584270581
165,1,7.876250741747384,543.8190290668631
124,3,6.733537457970179,474.5762212526885
162,4,2.185573309962215,579.29085762154
153,4,5.677755729520914,547.2505816012241
133,5,9.854362525482827,467.9036009460718
161,2,9.40518663172263,545.5592312420467
148,3,0.9101504900716109,524.2858854374385
142,5,2.0657407494296525,490.0992276927895
195,3,1.751423347818338,677.3558503742255
177,2,7.396809144860307,605.6142495072164
159,4,8.268960633640978,566.5293797091413
131,1,2.5283579799513833,448.6098425534133
103,4,5.305600583042375,369.2652611709223
117,5,8.486678766106401,387.84296784208993
82,1,7.461614675279381,294.21784275747024
191,5,5.651253452172559,683.3363342904719
70,2,6.1083030593583425,287.69404326294494
97,1,5.32942519570466,356.66260647646766
197,5,3.3267102875287953,682.8623598539547
177,2,5.867708932160653,611.0138656163086
185,4,7.0444103694758615,649.3944157381663
184,2,8.796567700677674,595.9541933842136
194,3,6.544767862802857,662.4424246067113
177,2,7.730654601910001,574.8195078879942
82,2,2.0206805320684436,322.7591235682016
164,3,4.884796006988004,536.2480751000027
168,5,0.5886503883573864,578.3784630498268
71,5,2.8434492129554187,328.47724251296734
87,2,7.401386293573546,334.9484298569482
158,3,9.922194537818953,546.8278417358788
100,3,1.442191946078551,378.87499252889955
57,4,4.314196000682238,204.54611937815253
76,5,8.100674202642015,310.3011328305862
76,1,2.4383385289745387,292.20698628584773
70,5,5.773307018371719,287.7587210120647
79,5,7.464177312281911,307.82176151927143
146,4,6.351861777471701,544.1846842081304
77,1,2.286234978846453,285.2217502144748
160,4,3.8761534025145243,571.3435965878185
110,1,7.946021952611273,389.5905853271648
97,2,5.765151884254158,329.4409547013901
196,1,0.5496813286576709,650.7647857969685
53,4,7.729412220266892,259.9340654490122
84,5,0.8354578719322712,386.71354792212986
98,1,7.5844709359467055,339.6297860724004
66,1,2.4235653215697557,248.393998409919
95,3,9.601698061134112,351.1770852404825
166,5,3.9954371373698025,594.8818666658109
55,2,3.6058503552117513,255.52346061219956
148,4,1.9144364781582244,510.2432932603422
173,2,3.403240047157041,576.5960581823655
86,5,8.828182237367905,318.000808987734
73,1,9.96517620745885,238.82774986913074
142,1,3.998940539815059,485.53359922315235
95,5,4.761800994068154,391.6735548446042
144,1,7.359673912926002,464.29281829927305
148,1,8.918859914418208,501.60417595066934
165,1,6.133921174774449,564.9637307930905
116,4,4.219494132689379,468.255131703289
177,4,4.419907488061925,613.5551220006971
67,3,7.108372391719665,253.98796466767803
74,2,0.5305735042406474,270.88941435940086
103,5,6.386098705868487,374.19193862986515
107,5,3.8771835991928953,438.2412468296863
116,5,8.0448746471323,401.6083438466224
153,3,1.3834110783197555,560.5881475563846
73,4,6.08792153600971,279.45533634293764
163,3,5.069242453918176,545.1573911349756
81,5,6.60209249609966,326.76470590760107
135,2,1.1161091475881992,458.6946907134934
176,1,6.009845980567247,594.619903138057
179,4,5.834103585615475,651.5986718684245
66,4,5.826270896953623,263.19881505503
153,3,6.233132832666321,517.8889775513748
186,4,6.926445403650441,630.880693047021
92,5,8.147395496967313,370.5263442759181
88,5,3.0632968412180364,354.8037207384468
75,3,8.33796939671059,316.0692094276307
148,5,5.23342898150281,556.465620368233
99,2,1.232053651776146,340.82664562454573
62,3,1.0562338278178025,274.30689565586096
109,2,3.6752640276125774,420.0562566909649
184,1,7.956521282558942,586.1913385195445
106,2,7.2229688800386995,367.6687648040515
85,1,7.991842164387861,288.45557571416515
69,1,5.414056036195289,246.0303756171393
114,2,4.68189048057716,369.26718800062474
57,3,1.9007990037096976,220.6321029632796
193,5,3.6178311592884596,673.3138120561676
191,5,4.623183978651815,694.0255915357519
164,1,1.3417040819563637,537.0493755857216
192,1,2.5958135507565068,617.9532268395158
141,3,6.183140293605518,524.6641408212037
147,4,7.488799585272304,493.85725159313563
115,2,9.984301358233022,361.80653402940555
81,1,9.364576647763798,267.70053798172245
135,5,6.604369395584319,478.535571632944
100,3,4.501856506293684,336.04722529351136
112,2,6.543684964728211,390.3517959450513
174,3,7.963690371762204,605.0415462537063
199,2,1.6241938137721794,638.0325168981591
107,2,4.394096452114738,383.9633714748423
107,1,8.478121713538364,371.96247008545873
135,3,4.146413043363918,475.03948840778634
98,3,5.932786576658272,365.8482786415047
119,5,6.083808928190883,448.7789273955225
64,5,2.2525244047695736,271.2403920520922
103,1,3.9412366956967397,391.08917804884385
150,1,3.677857243048355,527.5994221954276
57,4,0.7488687310546156,283.3004904827141
102,5,0.7298217569678749,424.8138712969415
109,2,8.401121914919848,348.6981667814998
157,3,3.094172694741718,563.332902166756
54,1,5.421748279268747,224.26853199245267
152,3,3.337892949093344,498.5937418029377
55,3,9.436452828595735,221.82888723980696
158,4,2.9633192092248506,563.6092305680561
165,5,4.581739721019884,619.1228625204529
143,1,8.790937379603717,485.91260239867773
96,3,8.498368884522183,333.7119476853896
148,1,2.2679634695396347,533.37184222996
104,2,8.12511144305925,366.6253723681593
101,4,4.85277542400998,378.1776264139182
193,2,5.088204284810875,632.281227498602
62,1,1.768059737951466,209.99277576363443
163,1,1.2657143806926843,544.2731811622918
173,5,7.4154234162507695,614.1188583136117
155,3,5.216380947375348,526.859571554745
196,3,4.6500816748442055,667.1088861952627
194,2,7.430328172197769,619.8515222373208
169,4,7.772372540415542,578.6366966336166
112,3,2.009627592858859,418.3115513464549
68,5,6.297138920037592,295.19893970119324
141,2,1.7858637816380125,457.31897064234306
107,2,7.638063317275934,366.94375434802356
139,5,6.741073984537826,537.0671106371765
166,4,9.587838900292851,558.9754007128039
111,5,1.155101155386001,431.0059485714648
72,4,1.042019850936916,302.1808452871473
176,5,3.1807772095854014,653.0032407592222
186,5,2.9862039954911066,677.8349544529112
189,1,2.846298591183998,637.4580228140082
178,2,9.109418514949848,566.3163167026497
107,5,2.870688898570308,422.442283186701
171,5,3.0835223982219944,618.1917900650586
50,3,7.714283492970655,200.5993363021376
83,2,4.77252850328013,292.04460087648596
145,3,7.878750291074222,533.3427823619921
175,2,1.1209784968616598,586.7419767619381
167,3,5.131926339897151,603.0356836984286
97,5,0.8193292017411851,409.3032167064083
138,5,1.095205432825868,519.9671247818546
166,1,9.111155806771905,548.828317113646
178,3,1.822831025617154,582.3459467421503
65,4,5.557996481614563,278.0195026334592
118,1,4.405408224706712,433.5295918102191
71,3,3.7997615994590053,299.02726686479417
142,3,9.048416784029088,490.98990017323
125,1,0.7073222693671503,467.8240993776063
193,5,6.806002018668097,661.6871815094478
135,3,9.65224712502873,453.30439224950885
78,5,5.821597742887499,325.4334428357902
118,1,9.399813389314373,410.5297205836032
96,5,0.9964498532172258,351.6512183774003
143,2,4.478536531204533,495.7402998073993
193,4,2.971499014139486,679.2639022824471
134,3,7.442799167316933,461.7215691594289
88,4,9.822322359723843,356.49465060660515
149,5,2.937035593220354,553.9496620617807
82,3,6.714658714003708,355.3983449422141
150,5,2.381927511217531,530.2240870259405
72,2,5.870637418430294,290.87292217306117
59,1,4.907358623539194,206.83880459697352
118,3,9.734050631499603,382.2245697114663
149,2,6.281009090616433,463.72736496240964
83,2,3.8203105348247783,322.12585937828896
187,3,1.5839099564353671,641.5171383660113
196,5,1.9368448729818784,674.5452891068012
145,2,2.6405108345367334,464.2488916519343
50,4,2.884183282732831,220.4239009117608
118,2,8.580852549490809,406.9201550545275
53,5,5.831616488683987,263.200154358494
65,5,5.472213658056481,283.7248576789345
73,4,1.590304282757566,310.86059828859044
129,2,8.671327086819632,432.134698206878
51,5,7.366735880480595,273.2510122895819
177,3,1.142849438050015,588.3493082373354
133,1,7.224433423682802,430.56636880693185
189,1,5.663613064755138,605.8256123906195
173,1,1.2763907845943934,587.3013063903456
82,2,4.853856094522237,285.51509201521793
150,4,5.104614727735446,532.505142355489
61,5,2.0748581315511196,282.1484866054289
116,3,9.484132396502682,395.14457579232703
114,3,8.57476602906629,411.45005716100457
123,2,6.855712204626529,405.1322976159983
92,1,4.891807829505768,303.8749014917535
93,2,4.411772645052831,342.1685698403232
78,4,6.684247937934065,277.4363924145706
190,4,5.681602759365602,605.740740430264
61,5,1.0915945058779133,291.4734770041802
144,5,5.368775163318151,542.241848525187
95,4,8.160834363711976,349.3422688987254
179,4,4.862778837171102,603.9130292837024
84,4,0.9935874867655499,360.1235295459601
130,2,7.969642894148315,421.14994985172495
139,4,2.4129559302917567,474.90663564499334
57,3,2.9568979314363686,259.238932611297
142,1,2.064710357606811,482.05134301503256
139,4,3.6370431162792265,521.0234485532463
164,1,7.689139304042032,493.81640381635634
154,2,5.434165665287405,493.1181888470539
184,1,2.4463721044317692,607.3938969880196
107,2,8.839385742444389,381.67470248478696
163,3,8.856027622039527,568.2278865097102
124,2,8.770495037937065,427.9553653003014
169,2,2.768564008124623,574.7559750909222
70,5,4.786773769719387,292.63842159995727
187,4,9.857401733338314,663.1032946314137
150,4,7.834118524944908,502.2712938407002
148,3,0.7580905016428183,529.6642220478332
85,3,1.1194436169746744,313.00493607429024
145,4,4.907348079717162,525.8808747566659
86,5,9.137591955684822,318.98446470087504
61,4,5.617667080550785,276.6409798089076
162,5,5.2292188263257575,577.7836612838389
62,3,1.5020001495879907,297.88878316599767
72,1,6.739410994880793,256.9007850648067
148,3,8.309980025702142,515.8793622735466
154,3,4.113990071321842,518.1788942481421
79,2,7.868312583790611,285.5055147035929
66,2,9.66252821205771,250.78993316477164
162,2,2.4357813617130466,520.5840388271464
111,2,5.471631496350042,363.7042583236045
133,5,3.227810601803468,504.541564793106
161,4,8.032116980821474,554.0140296077235
135,1,5.987136975870996,441.16719538729757
190,3,6.5285329667278855,622.2032104582091
68,5,8.080184516350993,273.86985505282416
149,1,4.261719490293322,500.7275753195779
189,5,9.193355649866911,657.5140059825899
196,5,5.56377423883833,635.0303069298188
125,3,2.000570816935806,479.25553950152624
58,4,7.111041622603623,276.6119320136326
77,2,8.035982829163416,238.3149390707352
177,4,3.5092359321415034,635.700062062173
101,3,8.643202941488154,386.81797114364457
132,3,9.10836092027478,457.79218804320135
160,3,3.130592630089185,527.795442302124
193,1,9.84345399079461,639.6176538517122
166,4,1.836759516463205,579.5018596411265
118,4,2.419148849823655,450.13927917673186
148,5,2.250135972761248,583.883753493713
189,5,8.992902245074768,654.0509305223228
74,5,6.715779247087138,290.2307476714545
172,3,1.9449906906115924,585.3953987203824
102,4,4.6830724744993155,370.84494784618164
193,3,6.345331238163119,654.9791318726442
106,1,1.2929088073991413,359.29283121020563
88,5,8.882955499869718,336.7770605532677
158,3,8.134233586694585,512.0429253384589
91,3,5.299464348978063,339.759331191661
191,1,9.68770284496212,617.1596901761168
171,2,4.468729303113447,520.3667804514233
182,4,9.84904803084673,621.4933751679109
124,2,6.845239988634457,427.3955154007955
195,5,6.5293770959124435,656.6414068330527
125,3,2.0765715053099574,491.4194354747775
58,1,8.878313703894118,235.41290314430685
123,1,4.5611520352458435,397.9496462064803
194,4,2.041217354933554,684.6823028815556
56,2,0.6197714397697109,261.65041864088175
190,4,5.817678994564634,651.0050604632219
186,3,5.5102964101654255,634.2082479186156
76,4,7.333859412507007,310.09921451341785
171,1,8.95745150366912,513.3687798141959
54,1,1.2543625541087804,215.75388295477444
78,5,7.449216658233443,314.32330984385254
132,5,2.280413468927031,520.0422857933435
185,3,8.652682004993057,624.3691932612514
158,2,8.281103381685732,521.4855739942947
114,4,5.637540672362672,418.9224238354545
135,3,7.247306586921459,490.97309845870507
194,5,3.48632607524561,671.3356545846025
120,4,4.976095039861739,426.0838992584443
94,5,8.30555052824948,359.8748550850837
181,4,4.863019373145532,642.0878841301626
85,2,3.899083520591697,327.12513107077535
119,3,5.195018248877849,427.49532296922655
68,4,8.368367898153576,281.09405019258946
157,1,3.6844764500232907,512.4361976280438
140,1,2.1507351347895662,471.8195417215678
139,4,7.264133193142417,479.2056471782248
68,4,8.346793020726778,271.41082827255156
88,4,1.4560560459735665,378.01145318058536
175,1,2.778804071181475,557.8849556300933
190,1,1.848733902729442,612.5281788660827
175,4,3.805443410030583,582.3031359212238
107,5,4.77833429960142,382.0251562570452
197,5,7.613850201151411,672.0368613137913
110,2,6.685902056375904,374.27601225123243
176,3,6.398821391045096,630.4361358337537
154,5,3.847561992791717,548.6479450908607
50,1,8.493751754305219,218.80043375999003
180,5,4.977228090282563,649.4056733182475
141,2,9.801496911143968,469.21792307323176
162,2,6.5243503138095,585.1540110140934
105,3,1.699515044862776,396.9716496395706
166,5,6.923686839716623,614.4128116406465
183,1,3.5884881466011405,629.754961538423
107,1,7.020108368517926,375.2527429650598
93,4,1.1615909075428545,381.6994351410313
110,1,2.161373653171614,398.1586809960463
96,3,8.62950395960497,327.8557634529559
198,3,2.6582057917233914,669.8293955056135
129,1,8.45189068980793,451.58116329927736
167,1,3.153122840316899,585.2174806665995
196,4,6.607378145557723,650.3724502722455
69,1,7.094430448343394,263.3877651395736
195,4,5.370220154878003,667.2769639557947
96,4,3.4004514286189473,368.8416158511302
98,1,2.520121575525413,356.07980943344967
63,2,0.8152988683430491,261.7293504766367
192,2,3.387490811786876,650.0531697538779
50,4,6.705046510047189,255.42424219890668
166,1,9.413895775260585,554.8547602667728
103,2,8.776442581498994,367.65894001445605
167,1,7.777615377085374,582.7372703822908
52,1,7.990249760906337,222.21809239579403
193,1,6.817356583021955,623.5173180618891
61,5,2.9727251468770284,252.71214165918784
123,1,9.118352791705384,391.00668079817996
65,5,6.871956963105424,299.9207350401018
151,4,5.824185994314179,518.7453784263121
166,2,1.5543999575280703,544.7300905427049
57,2,4.747027666161042,216.3442381339339
171,2,4.8734035764182995,559.5055066053494
141,2,8.713354290465364,492.5862447747143
139,2,5.693158091783991,472.4788423007865
185,2,4.113805215218892,589.324897563574
109,2,9.779603120851263,378.0616917135446
77,4,1.5518456365999989,322.34163137576485
150,1,4.514210068963473,491.384842633256
90,3,0.8992344141283503,371.3192328555973
194,5,7.529089147285839,658.5230439915827
190,3,9.22172724589193,653.7232992409591
95,3,3.1603546307296497,370.61494633204023
84,1,8.654245929591648,313.22361830170485
183,1,3.2760731893880286,580.4768368050961
131,1,9.152316535617194,436.66157077352767
164,2,7.662638084169448,545.6181637401658
96,4,8.146614379993668,333.266640741862
59,2,0.6710622782043177,267.75909003964955
105,4,9.646698392203247,369.35858527744654
79,4,7.403374424668071,300.0018945739442
158,3,3.3951354061682664,526.943412475709
54,3,8.379249316159047,239.26522788908937
168,4,3.1744513849418343,557.1325028546644
82,4,8.791161475878216,330.7751730575349
167,2,1.5695137089134017,588.7512523070424
114,2,7.1850167858775595,408.3735349807601
195,3,5.636635528126648,667.9792986206753
60,1,1.4170774668566877,252.35677445784748
134,4,2.7979913684589706,467.41553072856675
75,2,0.6178383446344905,322.4590229040179
112,3,4.953295671912805,396.89188357350446
135,2,3.3620199772200037,466.94820769376054
108,4,6.1843961008287085,394.9784614313234
76,4,3.3237591732318634,321.1833240710825
147,5,3.3492315593163546,523.5407920186188
154,1,7.560335387950232,508.21764370884694
148,5,0.9573569417943577,517.3784097734913
178,3,9.077502454323879,619.1382992613836
198,2,8.596506806716224,660.2218053055717
104,3,6.844144490650862,372.46651578066286
55,4,6.135604916020151,233.3458095674435
144,5,8.976873732326696,526.9388174617005
182,5,2.260636705522787,627.3328589762351
151,5,1.2502070408128718,553.0068922336776
52,3,2.775346614140612,253.6772825203469
72,4,8.048493647651807,273.6778703219525
102,2,0.8293675339015916,381.71328151460085
132,2,6.036664933293151,460.2411754721236
194,3,9.956656403817444,640.1399508191115
134,5,8.629112891456625,474.665982535008
127,1,5.4537340459141,454.3884730460595
159,3,1.1045886382231023,542.8394500082145
50,3,8.398048386664243,176.96312520407912
100,4,6.1902958276835,390.43008017725367
53,2,1.5918634720658849,201.79020606051157
162,3,1.3916442058218839,577.054334485458
81,3,9.141454784647628,331.41515538757363
83,5,6.857402497911745,347.88019257215
141,5,8.378224593509177,527.6717768507315
144,1,8.85029955268154,514.7003830332299
121,4,5.931837344459061,460.4715345632608
88,1,5.415740341672892,319.77998716916295
167,5,4.589060398049407,624.5008428743741
52,2,3.510992584015633,254.07352572890042
172,5,4.6286616281577615,642.1181124088729
99,4,7.851856729436486,361.45341623720697
61,5,6.21827259464375,243.48308764074446
103,4,8.978971254571038,369.97821382216017
182,4,4.712110136602283,640.6486120426589
106,4,6.267350997828164,398.6484769109858
194,4,6.497421754373892,654.8755367877153
161,4,6.121123041910092,571.9673818922785
96,2,7.175020844312405,314.23385667790984
134,1,2.7556179495606594,459.3121500747095
191,3,5.367455886685011,664.6342411235875
115,1,1.4901356266793029,413.006041637806
124,4,4.152857612625719,467.53048121142314
152,2,5.132837151902012,547.6817814952462
87,5,6.696130465681988,346.2848733711627
99,2,9.530044999568933,334.8780767738554
147,4,6.206185132209381,542.3779305888821
131,2,7.564142203677318,471.2941282133239
79,2,5.3095275652044265,307.54677836470705
128,4,6.523988298075148,457.7446033922007
140,2,1.1738560532708475,487.67988091361804
101,3,2.9167200179975463,351.6311009213832
128,3,3.9376043854488176,478.3837218332464
79,2,4.988686872561879,318.5756524454591
155,5,0.9336630822726455,536.8990188261191
100,4,1.830228926756518,403.6921838246097
130,3,3.129735924017405,471.82256125214536
182,5,9.729560563559982,606.1013966650642
78,2,3.647796567478982,272.5844028435926
181,5,5.079390052064784,640.3110852839048
187,1,2.362928271014733,608.3200611798322
194,3,6.302410675219798,685.7941556605538
123,2,3.166490547401756,451.71898679817457
66,4,2.4664294951650545,292.5410037443145
133,2,5.407439970236801,468.6467001395743
118,4,0.5523050920239978,469.51273342329534
83,2,0.5728083101676407,334.7847452142115
55,5,2.581153686467649,269.83302139698515
102,5,0.8488529437578008,384.6970705865342
175,5,1.5262446642415681,683.1864499796412
92,1,3.71917616871814,306.49799251639905
164,4,8.124563956008222,559.5000173459803
160,5,5.934462112008358,535.0365102477833
129,1,5.370343396585956,447.03527638221334
144,4,3.2881438204771554,518.4459211047418
167,2,9.351660334611756,567.6022080980716
193,1,4.271642891753321,595.6754015944047
57,3,1.3273812845598292,270.60335077849896
181,1,6.362131903119112,574.1270281643694
153,1,1.5814647380277134,512.8569665366673
181,4,3.779619856616075,644.0721856603891
74,2,5.320413417819184,286.5845068469996
145,3,8.80511398450917,504.0286231643189
142,5,5.1886925132311275,531.6061913716458
110,5,7.17145827730081,424.2328962441729
171,1,9.931759970491168,546.3143220080433
100,4,1.7491466390308255,383.1723241572338
196,4,3.1099494924354354,676.0176745881656
70,5,4.248472718177641,283.591932692718
54,3,4.507367696118898,252.9054377955356
141,2,4.404700215022684,489.96367818610435
110,3,9.122304524287271,393.2509163098648
71,2,7.283310122435136,292.2833109357592
198,5,6.2750995338616855,679.0475280680492
119,2,3.4390408196964297,416.4734984175588
50,4,8.326008650102299,213.6554074197161
182,1,9.573074859107395,593.7151904603039
61,1,8.301383684227151,232.566234798176
139,5,0.5148684993189926,502.6445789911639
95,4,6.5458130167423665,358.35449442424726
83,3,0.9857861236999569,313.8363823822154
127,4,2.9472685931703575,451.0080937373495
94,1,1.0654846533038311,305.2710740588554
122,1,6.236056803019183,408.90968132033055
75,4,7.022604178179765,266.91052632204025
96,4,1.5876325616260987,365.5684211499576
170,1,4.146469388927305,549.4531683045932
105,3,4.834246835077649,406.36940747515683
143,5,4.006003706728707,500.6892964603497
156,5,1.6497375046093339,549.4767972944918
112,4,4.480004006781016,409.4095092026065
97,5,7.636191454179972,364.1247440615846
110,1,1.174572813065927,415.03595032230567
130,1,1.2617101337780827,424.70523227145145
75,4,3.87032727244185,299.6712554753995
85,4,9.446394260379789,332.7485164625286
50,4,6.851440143867683,243.92078657310478
57,3,6.947364588389366,229.5004397046172
162,5,3.938239912959717,539.7615281640047
148,4,6.139777516481115,518.7183605353277
96,2,0.5962462482635621,383.8480770270872
176,2,6.542912440890651,590.5579232668273
105,1,9.17622600197425,361.37590524325014
63,5,6.319447949275782,255.10074426990852
77,4,8.800136637930278,280.08629491836615
127,2,7.377744026927891,436.6053449188262
179,5,1.6453049558350574,605.1818116427017
158,1,9.073306419215497,531.4806316088192
63,3,1.1312165213798613,249.80464197991304
105,5,5.572690989203756,403.3614724069626
164,5,1.8503026760378478,550.5840562728395
56,3,0.6112128019435886,238.90153702724268
52,5,4.509325471212571,223.2641381149708
160,1,3.3028867227144842,486.95509820773475
156,1,5.117004691077229,528.6028324045719
67,3,5.983398923978233,301.856392933875
87,4,0.915521186935,371.7584294130089
164,2,1.6685313036755836,572.2967511907249
64,4,5.807102766279041,262.103371108531
168,5,3.760089855140253,612.597624860676
77,2,7.427148131719756,310.62276770803504
88,3,6.696770661623427,333.34289527017904
66,3,8.533241448404114,237.24631365695132
135,2,7.07868185335764,450.8549503214573
175,1,4.584345235206407,609.8852392965459
93,2,6.893182912747108,333.71875081150245
74,5,3.116121155426476,249.27264329092515
194,1,3.4099782383930206,605.8015742498101
62,3,7.995359019247537,241.52030789865532
74,2,4.740985405815031,303.2345339567213
117,4,8.084613234924348,419.36832648201306
187,4,8.313012549848645,655.462607999768
116,5,8.646842207782196,420.18306851348586
158,4,9.20803474049147,506.2980800743048
195,2,4.594359594876314,635.9800576382856
160,2,3.5292347740508188,549.8404304828241
160,4,6.030888092644082,563.177230801538
83,2,4.026138022657462,285.8455689695524
160,5,6.210204584602213,560.5556667947203
57,1,7.203065695116334,270.28735337104877
162,5,7.039847675675301,547.2549281227119
132,5,4.058252426691153,501.0979630358927
91,2,2.085171916138152,296.8961421963278
150,1,4.590028715390972,518.0957790606112
55,2,1.8546443687781329,213.4442034586748
75,3,8.95592183424618,295.12992149556646
113,2,3.7858358770096454,375.59781621061666
108,2,1.967367598621576,395.88232080629103
158,2,0.7417537191046333,524.343486646962
170,1,6.635312669721601,542.4284110012243
82,2,6.550572015820061,311.7385760962605
199,1,3.735739582522271,640.9208113070151
70,4,1.1812629440526845,305.24510307622086
119,3,4.391474501504704,424.40022462412355
161,1,3.456566203102239,537.4367412187411
53,4,6.932646077482589,244.03643727210286
143,1,6.254902869800558,469.4898251685761
124,1,3.96364041787663,404.15172344421126
111,3,2.569979265422406,397.2137961505594
143,5,9.886341678478123,533.1301002397125
144,5,4.813015401363091,524.6974308788048
104,1,7.038605239912252,341.02482045196604
186,2,1.8352531919944273,632.3607057837655
180,4,5.113102146764279,629.1401074052542
80,2,0.7615988387599222,318.8767838384364
89,2,5.301823620149275,306.83960875227575
85,1,9.658165367618173,282.0358493790457
55,1,4.149963773365102,203.16348812552957
115,1,0.8704621194616601,396.04611751975284
124,1,0.7940800137337636,441.19022367540714
53,5,4.18587421949526,256.55194765562976
128,1,2.0202368964003434,447.46386535034253
183,5,0.7218449151177662,674.636693017195
167,5,7.68402933252668,599.4097599847793
162,1,4.855968584377962,533.4520303313224
143,3,3.247825333740218,478.8266458114696
111,4,9.050790238656568,390.60747935326947
128,2,1.6033201219049933,445.55925840262546
185,5,9.581228875075533,652.4201387965712
75,4,3.482683815084852,307.48799368770847
93,3,8.939834886932472,327.9964111283662
182,2,6.227957326554884,588.8862276323457
119,2,8.353719917544131,408.9009959864872
167,5,9.84812505049941,599.1035011433432
117,1,3.2398516592780844,436.34068279694617
68,3,9.630787111372133,260.6230538166624
69,5,4.200078001572994,297.70498038160207
162,3,4.162363095000762,533.3964396868507
189,1,3.7336774904178043,658.3164964011537
96,1,5.643372269802059,308.6931986972742
50,5,1.9643779101956274,269.5044904152198
139,1,5.7602591109011065,458.1727627179484
191,4,5.646195717895038,639.7202786874036
113,2,7.738067219746265,371.32379412278897
87,5,8.419674638407063,392.36162371132855
86,3,4.684192827968029,333.06144680963183
175,4,3.3721658688391907,608.6812770044029
188,5,2.9636815245123973,675.807284142066
149,1,2.3489264486962833,489.2854925900082
126,1,1.0476520308907364,435.94161504283863
52,1,3.753255798929777,209.62021413838286
183,1,3.067353075242441,592.6223792025525
59,3,9.68096516573087,261.63083125225654
54,4,5.798233849375417,236.03044407133106
187,2,3.7991318707898216,592.3390951910437
179,3,6.014442209440112,598.9411683107023
62,3,1.8223686627841074,267.33883610870976
179,2,4.718415617420928,579.693304087406
133,2,6.449226053500106,439.809652029591
114,1,5.144529402028288,380.7857604334226
112,3,4.31689860621608,431.79091598890705
150,5,9.941559694547133,520.3737201579916
122,2,8.862990240414806,446.856359890191
66,2,6.422356602514681,242.85627803200393
58,4,5.909084931231686,258.68211286266745
192,5,6.396274558333548,654.2825973989378
87,5,2.412465024313116,371.2567333571832
143,2,4.253808561011027,468.12689978667237
144,1,0.8748655624635435,505.1074584666175
98,4,5.017687356124854,376.24201329394396
118,5,5.6587335475978,429.8826965692554
111,2,2.6636224929804913,394.348325319836
127,5,9.65827404807238,492.36055072449875
166,4,9.139818803903799,572.4772524898082
169,4,7.3603607368311055,568.2247182080849
186,3,5.567172973270944,602.7717883968959
125,2,8.764707016653007,437.57867143531394
84,4,1.7411972663228976,342.4345104075679
50,3,8.009843045611408,227.88072781054166
89,3,1.6857977326850588,314.3839097408331
113,5,8.04500129421935,399.46478835373125
199,5,3.119791898387891,713.6980001882622
109,3,8.832360519672795,395.96211189624125
113,5,9.46839989134128,430.7312172420687
142,4,1.9135617093485986,492.91913593914376
121,1,4.8954182481212385,393.58941953717914
60,4,9.819380092545508,270.18641297875075
154,3,5.092370641744893,552.5828118118133
63,3,8.703701463888178,229.82620733164256
109,4,6.092949460247539,379.226691162448
79,5,4.065634125236217,326.69687233527867
84,5,3.2149437774957668,329.58314337748834
54,3,2.430619365317829,220.73522368844385
132,2,7.7370828180881235,425.4982694352759
172,5,4.172134814818765,598.2870534047552
127,4,5.357116890907136,437.19187136552836
111,5,5.177092060011228,400.7377978197928
181,4,5.9841507777147465,626.9995353758966
138,3,8.722982883433247,475.45006954738597
91,5,9.81702376404258,363.0635261025575
138,4,4.37204998145126,462.27523133011135
195,3,8.36142976000988,648.4747526765756
89,2,7.763014049219818,362.98672274487717
121,4,5.948525038827946,433.65750023663213
88,2,9.582447864313364,331.33008440281924
153,2,2.404507897519826,540.5111211804489
63,1,1.5380099979414035,263.2279521641427
81,5,8.61263868607651,329.1079563689934
174,4,4.671923258020609,613.977873138843
146,2,8.546204114967075,504.88786417032594
72,1,8.984356949356442,270.7402066675742
112,3,1.0933471393811787,391.4649422509697
192,4,8.892915248367576,614.0664798523851
194,2,4.75903102600951,611.4102670796849
102,5,5.349108645540206,389.8985828612663
153,1,6.452628855385497,517.973276977682
153,2,9.300634763935824,488.31050492189667
88,5,0.6816028970827583,381.11620337752254
183,2,5.030012949019262,598.8944706118039
116,4,7.033359403090326,414.0781769699378
184,4,7.36571609813317,610.5464278861416
91,4,7.079058099602526,311.14615662046947
64,1,1.7771337293771576,253.03201510993864
160,4,3.344258089530972,597.5648380777094
82,5,3.907797491461628,336.9311145464255
87,2,8.142153472955297,277.70306022019236
146,3,3.1482187879382537,527.3104186564524
82,5,2.5016971567384303,308.5006458844633
135,5,9.595756180861914,461.6277996984925
115,4,0.5842012085779545,429.0648341365727
59,1,9.979298128978792,219.49827251284637
54,2,6.929802339145258,197.96711529837293
172,1,8.370458344766611,553.7127621791471
123,2,3.298884265288835,446.705479484636
146,2,0.6359951378370698,523.7715874204863
167,1,7.509760426334536,571.0096075836162
87,5,8.42437367150642,382.339625702857
190,2,7.534523253558432,641.1287399261055
96,1,1.8570777293579668,339.95111425319925
158,2,7.657565261441206,545.871145299577
64,3,7.804766430022589,265.72479182005844
185,5,6.756134898865522,651.615069752794
54,4,7.778101361558069,239.98817297831758
96,2,8.536253676938456,322.686410603045
117,3,6.329239085255855,397.77959367304965
125,4,1.341744782711951,460.3741464130733
179,4,5.132464191838503,619.7132731332505
144,2,1.237668679380248,485.93584418260525
164,1,4.371658794808093,551.7235213825554
85,2,4.367511646693463,357.88029478739685
75,3,1.127093519332295,267.8591985757702
92,4,3.8137950727100534,370.0172994058551
76,2,1.5544819385174908,293.5715437051488
118,1,8.178234495087612,406.65664211651784
197,2,9.503036246662472,633.3796334974692
60,5,1.1870065149504168,274.7047892691558
123,1,9.573594469271164,412.44282008161963
153,3,5.464477693699079,522.0383669418967
87,4,3.345873940561802,313.8974257714784
183,2,1.2301897151235535,611.8613199568638
72,1,5.255930546668969,237.1594663427382
96,5,8.047897672662113,384.96806686628196
139,1,7.2173215340336325,425.25445491037027
95,5,0.9771471089077508,403.6187933713023
156,3,1.1925674359950833,554.2061251320794
189,4,4.327296185010052,657.0131799446578
190,3,3.305259693455461,600.1032832561323
153,2,2.7076510690324547,517.012709100104
160,1,3.1695427396327793,556.7321830939317
153,5,8.133086061320405,532.3616682967534
109,5,9.327666509502611,386.7834239817205
149,1,4.3484755980118805,485.569646903862
117,1,9.108054520258722,391.4183385066958
182,2,3.5542091618548786,591.864172670034
169,3,5.02615137026602,601.6240419012538
86,5,2.6472754792519972,351.41209844168816
121,2,6.584522400670518,408.7195682397004
176,3,9.800320594160684,562.372488274967
155,2,6.233184412412097,532.2225632807546
141,5,3.899233799078714,524.4348582960698
80,1,6.65426573691002,270.8472904024861
171,1,1.6677464454211819,524.9379265428747
186,3,8.942261262521287,628.330721266475
100,4,5.279297532408446,375.70533710996307
78,3,4.768822549376599,311.1837782597602
89,4,6.065715490308432,384.0120596921759
90,2,6.435446696499323,326.5924697328202
60,2,1.1818701591518739,237.35948734484083
50,5,6.9848636016223224,213.08383344378856
95,4,2.798350962997531,363.154862244104
150,5,7.282550008812603,538.6464469746876
198,1,8.314080546649869,638.4379873186755
139,4,8.137605821748942,525.1940951578442
159,3,5.748759190374947,555.484192928569
106,1,5.441613976952136,364.4207546159515
50,1,1.8573216327244113,192.15414515788174
112,3,7.865788428829788,405.60187841800683
104,1,3.0783891142437865,347.7030586038593
164,4,5.2186065167704925,575.1594085572171
192,5,3.200603882811409,679.347070772474
198,1,1.7713694484970848,646.1282166475769
102,4,6.480798120471498,370.4326748777542
186,2,1.0161543308175864,582.2617543916667
106,4,7.612129724198899,415.65247508001005
166,5,3.517074554980608,599.0318586949445
84,4,0.5012795835426105,349.5497864646104
112,3,5.355726822753683,374.0614996389466
74,5,0.9450931310122297,347.70658773277665
139,2,3.123610799298545,471.4484410690413
124,3,7.216276630829304,431.7915406843517
87,4,1.0955514054077258,327.42316008080803
179,5,8.473715677382021,584.313654018439
184,2,0.5362892652565395,644.0743477039583
140,3,2.8448267574180712,520.0422938731164
66,2,7.5385885334446785,249.6122599060441
177,4,3.5045664224284145,600.4031757590162
157,2,1.4679776866271286,530.5231612440606
74,1,3.9222222286040647,267.1632557420809
137,3,3.0687362206529927,460.86533311510203
78,2,8.505763070525271,281.1433695500727
112,4,3.47680521705886,422.1084294245688
199,4,7.994858481872068,691.3734279892309
163,2,8.97278537570198,541.3393125288703
98,4,4.62126548597703,343.23043485005724
130,5,9.144459866616724,478.78203753074007
133,5,4.084521512650332,485.71234574130426
154,5,9.658744956656028,570.0907039663653
197,1,1.3482504829929427,676.8926550748943
167,2,7.026683031780806,586.2357201817844
135,1,5.191233384340823,443.3857745238528
112,4,4.182663651828647,457.43177416309385
153,1,6.510762848111709,512.9973244016907
98,4,7.186642370526147,402.15432337232033
120,4,0.5414510616779363,438.8647056000089
50,3,2.0860543430983878,219.8559565616107
190,5,7.273937481026028,660.9326720913896
172,4,6.830661428992961,595.3762293342928
111,3,9.677451298722433,418.7413362719385
81,5,7.729859007382439,322.89769561426607
78,4,9.532340723447712,328.22761835931175
